x,y,r
1182,1591,0.9774528186766119
1502,1590,0.39904344223381105
1295,1590,0.5643326479831003
1512,1589,2.905080110058907
332,1589,2.8775431842233163
1192,1585,0.7980868844676221
712,1584,0.9774528186766119
1283,1587,4.01033696187374
479,1583,0.5643326479831003
1187,1584,1.6452982615400624
706,1585,3.2418442498256126
559,1581,0.39904344223381105
482,1581,0.39904344223381105
1440,1583,3.266311345986049
1107,1576,0.5643326479831003
1254,1575,0.892288262810312
1190,1575,0.39904344223381105
206,1576,2.360772841177929
201,1574,0.5643326479831003
595,1583,8.060282430922754
1209,1574,3.2418442498256126
472,1572,0.6911635163761372
1108,1571,0.6911635163761372
1295,1575,4.88726409338306
835,1570,0.5643326479831003
711,1571,1.8286467796121775
544,1569,0.6911635163761372
452,1565,0.7980868844676221
327,1570,3.0651108395290905
297,1567,4.653606231237664
1510,1566,2.0734905491284112
573,1572,8.408367079443854
1486,1563,4.738378340673427
1434,1560,1.1971303267014333
232,1562,4.185202930190958
509,1560,2.2923300526023067
1173,1559,3.167309131385499
995,1555,0.7980868844676221
1514,1554,0.5643326479831003
1411,1563,5.047544651250687
1510,1553,0.6911635163761372
548,1560,4.805119350705276
1182,1556,3.478780077559586
565,1556,2.959385372579835
218,1553,1.2618861628126719
1043,1553,3.0390243154356167
167,1550,0.5643326479831003
1495,1554,5.293909491765643
1402,1550,2.326803115618832
1008,1549,1.5961737689352442
21,1548,0.39904344223381105
767,1552,4.241889976560968
571,1548,0.892288262810312
167,1546,0.5643326479831003
1413,1546,0.892288262810312
1317,1545,0.5643326479831003
1275,1546,1.0557697104618329
194,1547,1.9549056373532239
20,1544,0.5643326479831003
1148,1546,2.8216632399155017
391,1543,0.39904344223381105
1372,1544,2.14891470163533
1313,1541,1.0557697104618329
257,1545,4.903527912356689
1184,1538,0.9774528186766119
1188,1537,0.5643326479831003
1012,1538,0.39904344223381105
775,1538,1.1971303267014333
528,1542,6.593279728603802
508,1542,4.870945970720834
306,1536,1.6452982615400624
1343,1533,0.5643326479831003
1450,1535,2.5551247367559506
1433,1535,1.8286467796121775
1388,1532,0.6911635163761372
1355,1536,2.221779856890434
401,1532,0.39904344223381105
1366,1531,1.0557697104618329
1392,1529,0.39904344223381105
1344,1529,0.892288262810312
1382,1528,0.39904344223381105
975,1532,4.636465818554495
130,1529,0.7980868844676221
1355,1526,0.39904344223381105
446,1536,7.104766499074366
1139,1527,2.034730298721438
1318,1524,0.9774528186766119
218,1525,0.892288262810312
1022,1524,1.692997943949301
123,1525,2.6167028409740727
1162,1525,1.1971303267014333
1016,1523,0.892288262810312
904,1526,3.5242562570853293
1129,1521,0.5643326479831003
1519,1525,3.478780077559586
1513,1519,0.9774528186766119
181,1520,1.3234773729414107
238,1520,1.9952172111690554
1354,1520,2.9861676865556794
834,1517,0.892288262810312
416,1519,1.9952172111690554
615,1515,0.5643326479831003
551,1528,8.360888624944486
968,1516,2.3942606534028665
799,1513,0.6911635163761372
770,1513,0.5643326479831003
469,1513,0.7980868844676221
429,1519,4.919737966198094
106,1517,3.6134920562752493
515,1513,2.6469547458828213
1096,1520,5.891805817928688
1206,1511,3.6134920562752493
1106,1508,1.0557697104618329
613,1508,0.5643326479831003
1326,1509,2.9861676865556794
754,1508,1.692997943949301
1459,1506,0.5643326479831003
109,1507,0.892288262810312
465,1508,3.2418442498256126
414,1505,0.5643326479831003
766,1504,0.39904344223381105
607,1508,3.3147037796003453
1449,1505,0.39904344223381105
756,1504,0.39904344223381105
1453,1502,0.5643326479831003
760,1500,0.39904344223381105
222,1504,3.868869714301845
115,1503,2.427286498381048
1518,1500,2.0734905491284112
739,1504,5.7964408143833985
483,1502,2.7646540655045486
102,1499,0.39904344223381105
770,1502,3.167309131385499
1441,1498,2.3942606534028665
818,1496,1.2618861628126719
756,1495,0.39904344223381105
532,1501,2.1115394209236658
744,1495,1.9137451194361292
179,1497,4.389477864571922
1164,1492,0.39904344223381105
788,1495,2.5860970765174254
1483,1491,0.5643326479831003
1445,1493,1.1286652959662007
1169,1490,0.39904344223381105
109,1492,1.739390038779793
1490,1493,1.739390038779793
227,1488,1.1286652959662007
1531,1487,0.39904344223381105
549,1491,4.968050791046764
1282,1496,8.502528660967469
754,1490,3.657293559224355
1459,1487,2.7646540655045486
454,1484,0.7980868844676221
450,1483,0.39904344223381105
315,1489,5.442226970175395
462,1480,0.892288262810312
1522,1480,2.2573305919324014
767,1484,5.485940338836532
1157,1480,1.2618861628126719
572,1481,3.167309131385499
1153,1477,0.5643326479831003
1076,1481,3.4327014857755778
386,1479,1.0557697104618329
1488,1476,0.39904344223381105
1210,1476,0.5643326479831003
156,1480,1.3234773729414107
527,1475,0.5643326479831003
1464,1475,2.8216632399155017
241,1482,5.015898291312316
96,1474,2.221779856890434
1416,1471,0.39904344223381105
388,1473,1.1286652959662007
215,1472,0.9774528186766119
1463,1470,0.39904344223381105
1085,1472,0.6911635163761372
466,1473,3.84823559536734
533,1471,1.3823270327522743
817,1475,3.806631826151908
1179,1469,1.784576525620624
1146,1467,2.1115394209236658
1534,1469,4.854572996762096
1043,1470,3.546775695528955
334,1464,0.39904344223381105
88,1467,3.3147037796003453
164,1466,4.166135847291729
12,1463,1.0557697104618329
344,1463,2.6167028409740727
17,1461,0.39904344223381105
1198,1460,0.5643326479831003
928,1461,1.3823270327522743
482,1463,4.204183539721927
118,1460,0.39904344223381105
1409,1459,0.39904344223381105
1309,1463,4.353050032561912
538,1461,2.9861676865556794
277,1459,0.892288262810312
1439,1457,0.5643326479831003
1385,1458,2.9861676865556794
1197,1457,0.892288262810312
801,1458,2.492025498024157
109,1460,4.601993475554326
1429,1461,4.61926180442659
1327,1454,1.1971303267014333
1443,1454,1.784576525620624
1477,1452,0.5643326479831003
1221,1455,3.546775695528955
500,1456,3.0909772123696633
339,1452,0.39904344223381105
220,1452,0.39904344223381105
35,1452,0.39904344223381105
1370,1453,2.18565094735968
1357,1453,2.427286498381048
1258,1451,0.39904344223381105
1289,1453,4.334721319438823
427,1450,1.5961737689352442
1372,1448,0.39904344223381105
320,1449,1.6452982615400624
534,1447,0.6911635163761372
1342,1449,1.8286467796121775
1146,1445,2.1115394209236658
518,1449,6.359705958030722
139,1444,1.2618861628126719
1447,1442,0.7980868844676221
1075,1440,0.39904344223381105
1012,1443,0.9774528186766119
349,1444,2.427286498381048
262,1442,2.849740182592135
1503,1441,3.4558175818806856
1005,1439,0.5643326479831003
1379,1441,2.0734905491284112
215,1445,4.204183539721927
794,1445,5.047544651250687
64,1437,0.5643326479831003
847,1437,0.6911635163761372
337,1441,5.3537295768618725
1424,1435,0.39904344223381105
448,1444,5.30892770489448
151,1440,4.984050996048314
480,1434,0.5643326479831003
1062,1439,3.569153051241248
233,1439,5.248597022122859
1025,1441,3.764568304904693
720,1433,0.6911635163761372
1181,1433,1.1286652959662007
725,1433,1.8716796503076578
466,1434,3.6789987560658073
183,1433,2.427286498381048
1269,1428,0.39904344223381105
304,1431,3.6134920562752493
1275,1427,0.39904344223381105
1027,1427,1.4387715921116582
321,1427,0.6911635163761372
250,1426,0.39904344223381105
203,1426,0.6911635163761372
766,1428,5.0
270,1424,0.6911635163761372
1437,1423,1.4387715921116582
1250,1422,0.39904344223381105
1138,1423,1.0557697104618329
684,1422,0.6911635163761372
714,1421,0.39904344223381105
1343,1420,1.5961737689352442
987,1420,4.334721319438823
773,1418,2.034730298721438
316,1419,2.459868983099047
1000,1419,3.6134920562752493
417,1416,3.0651108395290905
1367,1413,0.5643326479831003
244,1419,7.960891669803323
471,1412,0.5643326479831003
1171,1412,0.7980868844676221
276,1417,6.55695284207904
1268,1411,1.4387715921116582
505,1410,0.5643326479831003
538,1414,1.3234773729414107
188,1409,0.39904344223381105
134,1409,1.1286652959662007
808,1407,0.5643326479831003
1296,1405,0.892288262810312
188,1406,0.6911635163761372
1423,1405,1.1971303267014333
1143,1410,4.514661183864803
777,1406,3.266311345986049
215,1407,4.1469810982568225
154,1411,4.935894784620187
1011,1404,4.29782940327066
824,1401,0.892288262810312
732,1405,6.220471647385233
144,1400,0.39904344223381105
864,1399,0.6911635163761372
175,1400,1.1971303267014333
548,1401,2.5860970765174254
1393,1404,5.5866081912733545
801,1401,1.6452982615400624
556,1404,4.088978506048905
208,1397,0.39904344223381105
681,1393,0.7980868844676221
302,1392,0.6911635163761372
214,1393,1.2618861628126719
494,1391,0.5643326479831003
208,1393,1.3234773729414107
1480,1391,1.1971303267014333
1465,1391,0.892288262810312
831,1391,2.2573305919324014
711,1391,1.692997943949301
490,1391,1.2618861628126719
174,1393,2.9861676865556794
535,1391,2.18565094735968
493,1388,0.39904344223381105
336,1389,0.9774528186766119
1468,1389,1.0557697104618329
897,1387,0.5643326479831003
700,1391,3.0651108395290905
235,1387,1.2618861628126719
1428,1388,2.221779856890434
1246,1387,2.8775431842233163
817,1385,0.39904344223381105
712,1385,1.1286652959662007
312,1387,1.3823270327522743
1486,1387,2.0734905491284112
687,1389,4.2230788418473315
1319,1384,0.9774528186766119
959,1385,1.1286652959662007
277,1383,0.5643326479831003
915,1385,3.4327014857755778
950,1381,0.39904344223381105
1467,1380,0.9774528186766119
1267,1380,0.6911635163761372
1229,1384,4.687699040360167
681,1381,1.1286652959662007
1272,1380,0.39904344223381105
250,1383,3.764568304904693
704,1382,2.9861676865556794
265,1385,3.266311345986049
1157,1377,1.0557697104618329
828,1381,3.266311345986049
667,1382,5.643326479831003
241,1377,0.5643326479831003
1411,1376,0.39904344223381105
1129,1378,2.8216632399155017
1021,1377,1.5961737689352442
973,1384,3.266311345986049
953,1377,1.6452982615400624
768,1377,1.3234773729414107
712,1378,3.3623998102659405
282,1375,0.5643326479831003
249,1376,1.4387715921116582
1499,1375,2.221779856890434
1169,1375,1.1971303267014333
501,1374,0.39904344223381105
494,1374,1.1971303267014333
127,1376,1.5961737689352442
670,1373,1.1286652959662007
542,1372,0.39904344223381105
769,1370,1.0557697104618329
764,1373,1.4387715921116582
478,1374,6.194820108634628
1506,1369,0.9774528186766119
651,1374,4.903527912356689
755,1368,1.0557697104618329
256,1371,1.739390038779793
136,1366,0.5643326479831003
571,1366,1.2618861628126719
1405,1365,1.8286467796121775
1389,1365,3.0390243154356167
1002,1366,1.4387715921116582
655,1363,0.39904344223381105
115,1367,3.3623998102659405
1306,1363,0.7980868844676221
198,1364,0.9774528186766119
1017,1363,2.7064443028318927
501,1363,2.221779856890434
135,1361,0.892288262810312
1204,1360,0.39904344223381105
630,1360,1.692997943949301
364,1358,0.39904344223381105
994,1359,0.7980868844676221
463,1359,2.2923300526023067
1029,1359,1.1286652959662007
551,1358,2.6469547458828213
205,1358,2.221779856890434
1225,1356,0.7980868844676221
268,1363,5.932207245414456
81,1353,0.6911635163761372
305,1356,3.0390243154356167
504,1352,0.9774528186766119
1417,1350,0.9774528186766119
1245,1353,2.7064443028318927
937,1364,9.535384988503658
114,1353,2.221779856890434
1211,1352,1.0557697104618329
813,1350,2.326803115618832
651,1353,5.4128886056637855
534,1352,1.692997943949301
1492,1351,5.094645621899413
611,1347,0.892288262810312
142,1351,4.204183539721927
978,1345,0.39904344223381105
666,1346,0.9774528186766119
1344,1347,3.012711921345801
790,1353,5.643326479831003
202,1347,2.0734905491284112
846,1344,0.892288262810312
504,1346,0.9774528186766119
439,1347,2.9861676865556794
842,1342,0.5643326479831003
1383,1343,3.0909772123696633
1331,1343,1.1286652959662007
1037,1346,4.443559713780868
449,1341,0.5643326479831003
446,1341,0.39904344223381105
900,1340,0.892288262810312
1221,1340,0.5643326479831003
1045,1338,1.1286652959662007
973,1341,1.784576525620624
661,1340,2.2573305919324014
913,1337,0.892288262810312
754,1341,3.3623998102659405
875,1339,3.012711921345801
835,1339,1.5454886061848316
702,1339,2.5860970765174254
613,1339,3.6789987560658073
193,1339,3.0390243154356167
472,1335,0.6911635163761372
442,1336,1.1286652959662007
427,1337,1.1971303267014333
725,1337,2.18565094735968
716,1334,0.39904344223381105
510,1335,1.4387715921116582
1001,1333,0.892288262810312
197,1334,0.39904344223381105
741,1335,1.9952172111690554
23,1332,0.5643326479831003
996,1335,1.1286652959662007
757,1330,0.5643326479831003
326,1330,0.39904344223381105
1084,1330,5.69948036518427
1004,1328,0.5643326479831003
923,1328,0.39904344223381105
734,1328,0.39904344223381105
635,1333,6.064935242065315
338,1333,4.316314776334974
212,1340,7.644572613682198
621,1327,0.39904344223381105
851,1332,5.685493889217647
604,1326,0.5643326479831003
213,1326,0.892288262810312
813,1325,0.39904344223381105
1072,1324,0.5643326479831003
642,1325,0.6911635163761372
329,1324,0.39904344223381105
354,1323,0.5643326479831003
312,1335,7.758291229552276
1397,1323,1.2618861628126719
769,1333,4.353050032561912
621,1323,2.0734905491284112
1413,1321,0.9774528186766119
1195,1319,0.7980868844676221
819,1317,0.5643326479831003
755,1319,1.5454886061848316
587,1318,0.7980868844676221
219,1316,0.5643326479831003
804,1318,2.849740182592135
341,1319,4.584660105204613
205,1319,4.049848624992089
1005,1314,0.7980868844676221
1008,1313,1.3234773729414107
1037,1311,0.39904344223381105
751,1311,0.39904344223381105
900,1309,0.39904344223381105
652,1309,1.0557697104618329
599,1309,0.6911635163761372
326,1313,3.409428664990082
312,1311,2.2923300526023067
839,1309,0.6911635163761372
269,1317,7.003183989248115
363,1307,0.5643326479831003
343,1307,1.1286652959662007
219,1308,3.167309131385499
896,1305,0.39904344223381105
646,1305,0.5643326479831003
545,1306,1.0557697104618329
334,1305,0.6911635163761372
1032,1304,0.39904344223381105
589,1310,4.514661183864803
1256,1302,0.5643326479831003
150,1306,2.8216632399155017
1215,1303,0.6911635163761372
822,1305,3.409428664990082
644,1301,1.2618861628126719
451,1302,1.5961737689352442
534,1298,0.7980868844676221
351,1300,3.1166289153792985
276,1297,0.39904344223381105
252,1298,1.8286467796121775
1061,1301,3.290596523080125
962,1298,1.692997943949301
38,1296,0.39904344223381105
1270,1299,2.6469547458828213
1169,1296,0.892288262810312
579,1296,0.6911635163761372
569,1318,6.830523475943408
325,1302,3.7005766464057417
285,1302,4.1084036914256306
254,1295,0.7980868844676221
26,1299,3.338636969675892
1201,1294,0.7980868844676221
150,1294,0.6911635163761372
1331,1297,5.558032002896613
38,1292,0.6911635163761372
891,1291,0.6911635163761372
518,1292,0.39904344223381105
261,1292,2.2923300526023067
7,1291,0.39904344223381105
1107,1293,3.7005766464057417
539,1292,1.5961737689352442
1200,1290,1.0557697104618329
934,1292,2.5860970765174254
306,1295,4.241889976560968
1123,1292,5.4128886056637855
1163,1288,0.6911635163761372
857,1289,1.0557697104618329
316,1288,1.3234773729414107
142,1287,0.5643326479831003
133,1287,0.39904344223381105
958,1286,0.39904344223381105
507,1287,1.3823270327522743
59,1291,7.281859495143144
9,1288,0.5643326479831003
1041,1298,6.677273939351784
1016,1285,0.39904344223381105
817,1290,4.738378340673427
633,1290,4.37130189471936
589,1286,1.4387715921116582
549,1293,5.823847306740562
366,1287,1.3823270327522743
452,1288,4.687699040360167
889,1285,0.9774528186766119
138,1286,2.14891470163533
881,1287,4.496991209276012
275,1284,1.9137451194361292
350,1284,1.9137451194361292
889,1280,0.39904344223381105
3,1280,0.39904344223381105
1029,1281,1.784576525620624
321,1280,0.7980868844676221
290,1281,2.459868983099047
799,1280,1.9952172111690554
532,1284,4.088978506048905
36,1278,0.6911635163761372
904,1276,0.5643326479831003
868,1277,1.739390038779793
17,1282,4.968050791046764
1,1277,1.3823270327522743
517,1281,2.8216632399155017
503,1278,4.37130189471936
201,1276,1.5961737689352442
685,1276,0.9774528186766119
1143,1277,4.069460597442876
175,1276,2.7646540655045486
885,1275,1.9137451194361292
619,1273,1.3234773729414107
33,1274,1.8716796503076578
945,1268,1.1286652959662007
648,1274,3.6789987560658073
618,1269,0.39904344223381105
401,1269,0.892288262810312
156,1270,4.532262268876918
334,1272,4.567260952854015
509,1264,0.5643326479831003
347,1267,4.088978506048905
124,1272,7.025884807256717
99,1264,0.7980868844676221
31,1264,1.692997943949301
821,1264,1.3823270327522743
658,1263,0.5643326479831003
533,1263,0.892288262810312
1220,1262,0.892288262810312
1216,1262,0.7980868844676221
654,1260,0.39904344223381105
506,1259,0.6911635163761372
331,1259,0.5643326479831003
168,1261,1.692997943949301
1208,1258,1.0557697104618329
593,1260,2.0734905491284112
312,1260,0.5643326479831003
291,1267,6.629407559200691
1192,1257,0.6911635163761372
317,1258,1.3234773729414107
410,1257,0.6911635163761372
379,1256,0.39904344223381105
1173,1256,0.6911635163761372
776,1258,2.0734905491284112
752,1257,1.4930838432778397
728,1259,4.1084036914256306
477,1255,0.39904344223381105
1210,1254,0.7980868844676221
1177,1256,1.3234773729414107
177,1256,1.784576525620624
517,1264,4.567260952854015
338,1256,3.3147037796003453
838,1261,3.806631826151908
529,1254,3.167309131385499
509,1254,2.492025498024157
363,1252,1.1971303267014333
1022,1249,0.6911635163761372
1225,1250,0.6911635163761372
920,1250,1.8716796503076578
875,1248,0.7980868844676221
189,1249,0.6911635163761372
370,1249,1.3234773729414107
178,1247,0.892288262810312
791,1248,1.0557697104618329
868,1248,2.221779856890434
786,1246,0.39904344223381105
656,1247,0.7980868844676221
511,1247,0.39904344223381105
575,1245,0.892288262810312
950,1244,0.5643326479831003
811,1244,1.1286652959662007
520,1245,2.326803115618832
490,1250,6.923144972173592
112,1242,0.39904344223381105
910,1245,2.905080110058907
827,1247,7.31458711844871
245,1243,2.221779856890434
1160,1238,0.5643326479831003
1038,1251,6.384695075740977
436,1243,4.1469810982568225
766,1237,0.892288262810312
663,1237,0.5643326479831003
530,1237,0.39904344223381105
624,1234,0.6911635163761372
509,1238,3.868869714301845
721,1233,0.5643326479831003
658,1235,1.1971303267014333
590,1236,4.166135847291729
170,1236,4.088978506048905
1157,1232,0.39904344223381105
657,1230,0.39904344223381105
1150,1230,0.892288262810312
1146,1229,0.5643326479831003
732,1233,2.5551247367559506
270,1236,5.5866081912733545
132,1230,1.4930838432778397
1309,1229,0.6911635163761372
1279,1227,0.5643326479831003
756,1227,0.39904344223381105
535,1228,1.2618861628126719
4,1231,2.492025498024157
822,1229,2.9861676865556794
422,1232,4.721545682355858
1234,1227,1.5961737689352442
1170,1226,0.892288262810312
663,1225,0.6911635163761372
454,1226,0.6911635163761372
238,1227,0.6911635163761372
235,1226,0.892288262810312
287,1230,3.0390243154356167
1142,1225,1.4930838432778397
1302,1225,2.034730298721438
1138,1222,0.39904344223381105
1172,1221,0.5643326479831003
628,1224,3.1166289153792985
558,1222,1.3823270327522743
248,1225,0.39904344223381105
217,1223,2.221779856890434
762,1220,0.5643326479831003
519,1227,3.764568304904693
1422,1222,0.5643326479831003
1212,1224,3.8274902388722585
307,1225,3.290596523080125
171,1220,1.1286652959662007
1402,1220,0.5643326479831003
1164,1218,0.5643326479831003
340,1221,2.3942606534028665
248,1218,0.6911635163761372
1139,1217,0.39904344223381105
523,1217,0.5643326479831003
258,1224,5.9989383349470105
3,1220,2.2923300526023067
294,1219,2.905080110058907
256,1215,0.892288262810312
1405,1215,1.4930838432778397
1031,1217,0.39904344223381105
1407,1212,0.39904344223381105
1140,1213,0.7980868844676221
140,1213,0.892288262810312
1414,1212,1.5454886061848316
1339,1210,0.39904344223381105
565,1210,0.39904344223381105
213,1211,0.6911635163761372
1242,1219,8.284357141529307
468,1209,0.39904344223381105
92,1211,1.8716796503076578
741,1219,7.37960694929714
536,1213,5.442226970175395
394,1209,4.919737966198094
586,1212,2.459868983099047
1023,1203,1.1286652959662007
278,1204,2.492025498024157
35,1203,1.0557697104618329
1090,1202,1.1971303267014333
1497,1200,0.39904344223381105
1500,1199,1.0557697104618329
579,1200,0.5643326479831003
1341,1198,1.2618861628126719
1505,1198,0.5643326479831003
1584,1197,3.5242562570853293
389,1196,1.4930838432778397
1513,1194,1.1971303267014333
312,1195,3.167309131385499
1187,1191,0.39904344223381105
1520,1193,1.1286652959662007
457,1196,4.29782940327066
463,1188,0.39904344223381105
319,1189,0.39904344223381105
174,1188,1.9137451194361292
65,1189,1.3823270327522743
57,1187,0.9774528186766119
444,1188,0.892288262810312
436,1187,1.1286652959662007
325,1186,0.39904344223381105
34,1187,0.39904344223381105
1187,1185,0.7980868844676221
1583,1186,3.868869714301845
291,1184,1.5454886061848316
29,1186,1.0557697104618329
314,1183,1.6452982615400624
108,1180,0.39904344223381105
1564,1185,5.248597022122859
319,1179,0.39904344223381105
1199,1178,0.39904344223381105
1543,1184,7.940864237648465
1352,1176,0.39904344223381105
1154,1176,0.39904344223381105
623,1179,2.5551247367559506
304,1176,0.6911635163761372
249,1180,4.127737462643373
232,1183,3.7433593006153156
112,1175,0.39904344223381105
1395,1176,1.4387715921116582
1229,1178,3.9301221193000435
148,1173,1.9549056373532239
1520,1167,0.6911635163761372
495,1168,0.5643326479831003
414,1165,0.39904344223381105
1453,1188,11.551601207012812
1134,1168,3.5242562570853293
1014,1167,2.849740182592135
1587,1167,4.2230788418473315
1161,1167,3.338636969675892
131,1166,1.8716796503076578
1229,1162,0.6911635163761372
262,1164,0.9774528186766119
1034,1162,0.5643326479831003
418,1164,0.5643326479831003
141,1163,2.735704010510095
1564,1164,3.9704321188242324
326,1158,0.39904344223381105
278,1158,0.39904344223381105
950,1160,3.1166289153792985
387,1156,0.39904344223381105
1545,1156,2.1115394209236658
1029,1156,1.1286652959662007
948,1154,0.39904344223381105
518,1153,0.5643326479831003
503,1154,0.892288262810312
387,1153,0.39904344223381105
201,1155,2.221779856890434
147,1152,0.39904344223381105
143,1152,0.5643326479831003
1506,1149,0.7980868844676221
1207,1150,0.6911635163761372
1236,1144,0.7980868844676221
469,1143,0.6911635163761372
1546,1145,2.5860970765174254
927,1148,3.950328535881702
1520,1142,1.3234773729414107
1492,1146,5.338837393419638
1204,1143,0.892288262810312
925,1141,0.39904344223381105
179,1145,4.687699040360167
1460,1141,2.492025498024157
0,1139,0.7980868844676221
1533,1141,3.84823559536734
1420,1137,0.39904344223381105
1062,1139,4.204183539721927
1530,1134,0.5643326479831003
1174,1139,2.6167028409740727
1101,1135,0.6911635163761372
989,1135,1.1286652959662007
982,1133,0.5643326479831003
486,1134,0.6911635163761372
11,1133,1.1286652959662007
1265,1132,0.39904344223381105
84,1131,0.39904344223381105
71,1131,0.39904344223381105
137,1129,0.39904344223381105
64,1130,0.5643326479831003
105,1129,1.3234773729414107
1256,1127,0.5643326479831003
1225,1132,5.094645621899413
60,1127,0.39904344223381105
1213,1129,2.492025498024157
256,1132,4.788521306805733
70,1126,0.6911635163761372
87,1126,1.1971303267014333
1567,1131,8.26511354494468
1524,1126,4.29782940327066
37,1121,0.39904344223381105
127,1121,1.1971303267014333
1230,1119,0.5643326479831003
1334,1118,0.39904344223381105
101,1119,1.0557697104618329
1226,1119,2.221779856890434
94,1119,3.1420712062218055
70,1115,0.9774528186766119
22,1117,4.549795263819588
345,1113,0.39904344223381105
1349,1113,0.6911635163761372
1352,1110,0.5643326479831003
417,1112,0.892288262810312
80,1112,2.6167028409740727
505,1109,0.9774528186766119
39,1112,2.7646540655045486
1339,1110,3.012711921345801
1237,1111,3.569153051241248
213,1111,3.266311345986049
2,1109,1.9952172111690554
479,1106,0.9774528186766119
110,1106,0.39904344223381105
90,1106,0.39904344223381105
938,1105,1.1971303267014333
907,1103,0.5643326479831003
471,1105,1.3823270327522743
41,1104,1.0557697104618329
98,1101,0.7980868844676221
908,1100,0.5643326479831003
482,1100,0.39904344223381105
103,1103,2.2573305919324014
199,1099,0.5643326479831003
196,1100,0.5643326479831003
191,1100,1.9952172111690554
1057,1101,3.1166289153792985
1512,1102,3.546775695528955
894,1097,0.892288262810312
515,1097,0.7980868844676221
129,1095,0.5643326479831003
117,1095,0.39904344223381105
21,1097,0.7980868844676221
409,1096,3.6134920562752493
1403,1094,0.9774528186766119
937,1090,0.39904344223381105
438,1092,0.7980868844676221
804,1092,4.425605863737359
8,1089,2.14891470163533
954,1087,1.1971303267014333
870,1087,1.4930838432778397
1386,1085,0.5643326479831003
939,1086,1.6452982615400624
95,1087,2.735704010510095
926,1083,3.806631826151908
194,1080,0.39904344223381105
1480,1079,0.9774528186766119
240,1080,3.5015919946240577
201,1083,3.889394366097612
159,1077,0.39904344223381105
1577,1076,0.6911635163761372
188,1079,2.1115394209236658
148,1079,2.5551247367559506
1475,1075,1.2618861628126719
182,1077,1.6452982615400624
1573,1075,0.9774528186766119
312,1076,3.338636969675892
1382,1071,0.39904344223381105
464,1077,5.278848552309165
285,1071,0.39904344223381105
1557,1074,3.7433593006153156
1527,1069,0.6911635163761372
1109,1066,0.7980868844676221
961,1068,3.167309131385499
824,1065,0.5643326479831003
1082,1075,6.4467441049059895
1072,1064,0.6911635163761372
351,1066,1.5961737689352442
312,1065,0.892288262810312
938,1063,0.7980868844676221
305,1063,1.3823270327522743
1046,1060,0.6911635163761372
461,1060,0.6911635163761372
793,1059,2.18565094735968
1085,1056,0.39904344223381105
360,1059,1.5454886061848316
267,1058,2.459868983099047
1331,1055,0.39904344223381105
1096,1067,7.62371425935418
385,1052,1.1971303267014333
940,1050,0.39904344223381105
1351,1053,4.687699040360167
480,1049,1.0557697104618329
736,1049,0.39904344223381105
172,1054,6.1690619092990415
935,1049,1.784576525620624
732,1046,0.9774528186766119
691,1045,0.6911635163761372
391,1046,1.5961737689352442
378,1045,1.5454886061848316
307,1047,1.3234773729414107
1045,1042,0.39904344223381105
959,1047,5.755086368446633
337,1047,7.634150560283054
314,1044,2.360772841177929
36,1043,1.9549056373532239
13,1043,4.088978506048905
991,1040,1.9137451194361292
65,1040,2.221779856890434
1052,1038,1.4387715921116582
686,1035,0.5643326479831003
287,1049,12.037626784326141
1268,1033,0.7980868844676221
1231,1031,0.6911635163761372
1062,1035,2.5551247367559506
815,1041,7.529136609809386
1385,1030,0.39904344223381105
117,1030,0.6911635163761372
1438,1030,1.3234773729414107
1278,1029,0.7980868844676221
1074,1031,2.360772841177929
1246,1033,3.7856584884380156
1000,1029,0.39904344223381105
473,1029,1.692997943949301
135,1029,2.2923300526023067
31,1029,3.338636969675892
868,1026,0.892288262810312
719,1029,3.5242562570853293
1453,1026,2.0734905491284112
130,1025,0.5643326479831003
117,1026,2.18565094735968
57,1026,2.8775431842233163
681,1027,3.8274902388722585
989,1024,2.6469547458828213
704,1025,2.849740182592135
1458,1020,0.39904344223381105
1135,1020,0.5643326479831003
786,1020,1.3823270327522743
667,1021,3.7005766464057417
143,1022,4.1084036914256306
1128,1016,0.5643326479831003
1139,1017,1.6452982615400624
720,1018,3.1166289153792985
156,1015,2.326803115618832
1255,1013,0.5643326479831003
1231,1017,4.514661183864803
923,1013,0.5643326479831003
1423,1014,1.1286652959662007
939,1011,0.39904344223381105
186,1012,1.1286652959662007
693,1009,1.4930838432778397
673,1012,3.0651108395290905
464,1011,1.6452982615400624
1355,1007,0.39904344223381105
369,1012,5.110249473511901
1497,1010,3.478780077559586
1152,1007,3.6354587756642407
1137,1004,2.5860970765174254
967,1002,0.892288262810312
862,1002,3.5913909801042996
618,1003,2.5551247367559506
717,1005,5.600841611007435
499,1002,2.6167028409740727
37,999,2.459868983099047
222,994,0.5643326479831003
957,990,0.39904344223381105
192,991,1.9952172111690554
1385,994,3.0390243154356167
795,991,2.459868983099047
113,987,0.5643326479831003
1092,988,0.7980868844676221
1081,986,2.034730298721438
1106,984,1.0557697104618329
1502,982,0.6911635163761372
925,981,0.9774528186766119
1237,979,1.1971303267014333
759,979,0.7980868844676221
474,988,6.1819544247393265
397,971,0.39904344223381105
935,971,0.892288262810312
883,970,0.5643326479831003
1491,968,0.6911635163761372
767,967,1.0557697104618329
406,970,4.2230788418473315
1414,962,0.39904344223381105
1301,967,2.6469547458828213
450,961,0.7980868844676221
447,962,0.39904344223381105
921,961,0.6911635163761372
454,960,0.9774528186766119
1425,961,3.7856584884380156
1587,958,1.5961737689352442
1410,958,2.360772841177929
1097,955,0.5643326479831003
389,963,6.117220133819371
1471,954,0.5643326479831003
1107,955,2.5860970765174254
939,953,0.5643326479831003
49,954,1.4930838432778397
913,953,0.5643326479831003
738,952,0.5643326479831003
1146,951,1.0557697104618329
1127,950,0.39904344223381105
824,951,1.0557697104618329
1124,948,0.39904344223381105
1099,946,0.39904344223381105
842,946,0.6911635163761372
1427,946,0.9774528186766119
1008,946,2.959385372579835
387,945,1.9137451194361292
1588,947,3.9301221193000435
1529,941,1.1286652959662007
872,940,0.6911635163761372
1252,943,4.425605863737359
112,940,2.14891470163533
999,938,0.5643326479831003
397,941,3.217191084057268
140,940,2.6167028409740727
92,940,1.739390038779793
128,937,0.39904344223381105
255,940,3.868869714301845
1557,936,1.739390038779793
1021,936,0.6911635163761372
253,934,0.5643326479831003
1089,934,1.4930838432778397
140,931,0.5643326479831003
1426,932,3.657293559224355
1388,928,0.39904344223381105
1410,930,4.088978506048905
413,925,0.5643326479831003
375,925,0.39904344223381105
286,925,0.39904344223381105
1138,921,0.7980868844676221
1551,927,5.263744519771714
1468,924,3.950328535881702
300,921,1.4387715921116582
1469,917,0.39904344223381105
1480,915,0.39904344223381105
368,914,1.3234773729414107
1131,913,0.9774528186766119
843,911,0.39904344223381105
71,914,3.1923475378704884
1533,910,1.6452982615400624
1527,909,0.7980868844676221
1074,909,1.784576525620624
364,909,0.6911635163761372
245,917,9.77452818676612
92,910,1.3234773729414107
155,911,3.1420712062218055
913,906,0.5643326479831003
104,908,1.1286652959662007
1488,913,5.4128886056637855
1135,909,2.18565094735968
502,906,1.4387715921116582
112,905,1.6452982615400624
32,906,4.260618058690337
644,903,3.266311345986049
120,901,0.39904344223381105
95,902,2.3942606534028665
1030,901,1.0557697104618329
184,902,3.167309131385499
509,901,1.8286467796121775
167,900,3.0651108395290905
51,898,0.892288262810312
653,896,0.5643326479831003
148,897,2.360772841177929
796,894,0.39904344223381105
611,894,0.892288262810312
649,894,0.39904344223381105
577,899,5.30892770489448
131,895,2.492025498024157
65,891,1.692997943949301
589,890,0.6911635163761372
127,889,0.5643326479831003
598,888,0.5643326479831003
461,894,5.031746350679813
1485,890,3.266311345986049
1223,890,2.0734905491284112
14,890,3.4327014857755778
788,891,4.425605863737359
1578,889,3.9098112747064477
987,887,0.6911635163761372
800,888,1.6452982615400624
1545,887,3.5015919946240577
33,885,1.2618861628126719
808,885,1.5961737689352442
445,883,2.427286498381048
1090,881,3.7005766464057417
768,877,1.4387715921116582
279,875,0.6911635163761372
250,875,0.39904344223381105
460,873,0.7980868844676221
451,873,0.39904344223381105
291,875,2.492025498024157
687,876,3.2418442498256126
683,872,0.39904344223381105
192,870,1.3234773729414107
108,870,1.739390038779793
1112,869,1.5454886061848316
708,873,5.125805824484426
218,864,1.1971303267014333
1123,866,3.6134920562752493
447,864,2.5860970765174254
265,861,0.6911635163761372
740,862,3.889394366097612
763,860,2.6167028409740727
261,855,0.5643326479831003
118,859,4.049848624992089
244,862,11.824082086887431
661,847,0.39904344223381105
647,851,3.5913909801042996
618,850,0.5643326479831003
384,847,0.6911635163761372
437,847,2.5551247367559506
812,844,1.6452982615400624
1145,844,3.84823559536734
215,850,5.572338415244783
1021,843,3.4558175818806856
558,835,0.9774528186766119
449,840,3.3623998102659405
573,833,0.5643326479831003
567,832,1.1971303267014333
925,830,0.7980868844676221
640,830,0.39904344223381105
385,829,0.39904344223381105
785,831,1.9952172111690554
655,826,0.6911635163761372
597,827,3.1166289153792985
342,823,0.7980868844676221
397,824,4.316314776334974
639,822,0.9774528186766119
605,819,0.39904344223381105
668,819,1.9549056373532239
776,822,4.584660105204613
866,817,1.0557697104618329
622,814,1.4930838432778397
422,816,4.069460597442876
749,812,3.1420712062218055
1019,808,1.6452982615400624
606,804,0.39904344223381105
2,806,1.8716796503076578
761,800,4.854572996762096
1288,793,2.1115394209236658
782,791,0.9774528186766119
499,791,1.9952172111690554
779,788,0.39904344223381105
425,787,1.5961737689352442
1321,780,0.5643326479831003
450,780,2.5860970765174254
558,774,1.3234773729414107
908,775,1.9549056373532239
668,774,1.3823270327522743
533,777,4.821660257972569
1581,776,3.385995887898602
773,773,1.2618861628126719
693,771,2.427286498381048
1316,767,0.7980868844676221
27,766,1.2618861628126719
814,764,0.6911635163761372
15,759,0.7980868844676221
1564,758,1.1971303267014333
1290,754,1.0557697104618329
1579,748,0.5643326479831003
1576,747,0.39904344223381105
1343,742,0.39904344223381105
1280,738,0.5643326479831003
1286,739,1.739390038779793
1306,740,2.18565094735968
1336,738,2.3942606534028665
1007,730,0.39904344223381105
44,730,2.6167028409740727
1403,725,1.8286467796121775
181,726,1.739390038779793
195,726,2.6768647884309362
204,722,0.39904344223381105
170,723,1.6452982615400624
1295,723,2.3942606534028665
928,724,4.241889976560968
214,717,2.735704010510095
1305,718,4.049848624992089
162,710,0.39904344223381105
215,706,0.39904344223381105
193,702,0.39904344223381105
141,702,1.1971303267014333
34,702,0.39904344223381105
206,696,2.18565094735968
1089,696,3.1923475378704884
149,695,2.326803115618832
191,691,0.39904344223381105
186,692,1.4387715921116582
1324,690,0.39904344223381105
1098,690,1.8286467796121775
866,697,6.130221679058181
1327,688,0.39904344223381105
1125,688,0.7980868844676221
220,688,0.9774528186766119
1324,687,0.5643326479831003
1359,686,2.360772841177929
910,686,0.39904344223381105
216,686,1.1286652959662007
184,683,0.5643326479831003
869,686,3.6354587756642407
1237,682,1.1971303267014333
218,682,1.1286652959662007
181,679,0.7980868844676221
1339,680,3.0651108395290905
236,680,0.6911635163761372
183,675,0.5643326479831003
165,679,3.5242562570853293
200,675,2.6768647884309362
1225,673,1.1971303267014333
1018,678,1.739390038779793
1100,668,0.39904344223381105
1146,669,1.739390038779793
299,665,0.39904344223381105
292,664,0.9774528186766119
33,665,0.7980868844676221
1017,663,0.39904344223381105
850,666,3.0909772123696633
1235,662,1.1286652959662007
159,664,2.360772841177929
1233,658,0.5643326479831003
318,657,1.1286652959662007
35,659,1.739390038779793
207,654,1.2618861628126719
24,654,2.6768647884309362
1008,654,3.167309131385499
293,650,2.5551247367559506
1139,649,1.1286652959662007
985,650,4.353050032561912
176,646,0.892288262810312
22,644,0.5643326479831003
1071,646,2.849740182592135
925,644,1.739390038779793
1117,642,0.5643326479831003
885,647,5.32390355327611
322,644,4.7551514137988145
683,639,1.5454886061848316
24,640,0.39904344223381105
1111,637,0.39904344223381105
702,638,1.0557697104618329
642,641,7.880476560971771
982,641,4.738378340673427
255,637,0.9774528186766119
597,636,4.771865530056633
702,631,0.39904344223381105
242,633,1.3823270327522743
369,639,7.634150560283054
237,631,1.1971303267014333
259,627,0.39904344223381105
930,626,1.3234773729414107
683,625,0.5643326479831003
739,623,0.9774528186766119
941,628,5.485940338836532
734,623,2.0734905491284112
1480,624,2.034730298721438
728,622,0.7980868844676221
1093,619,0.39904344223381105
321,619,0.39904344223381105
219,621,2.14891470163533
611,617,0.39904344223381105
556,624,8.158462450372626
378,619,0.892288262810312
1585,614,1.5454886061848316
737,614,0.892288262810312
358,612,0.39904344223381105
264,614,3.217191084057268
205,614,3.1166289153792985
640,614,2.492025498024157
347,615,4.821660257972569
280,617,5.368580450263869
523,613,5.629200484009427
603,608,0.39904344223381105
569,607,1.0557697104618329
289,607,1.0557697104618329
837,606,1.3234773729414107
606,606,0.5643326479831003
192,608,1.0557697104618329
1275,604,0.39904344223381105
553,604,0.5643326479831003
499,607,3.722029444364106
1293,603,0.892288262810312
182,602,0.892288262810312
314,600,0.5643326479831003
953,598,1.784576525620624
300,599,1.9137451194361292
258,597,0.6911635163761372
1227,600,3.1166289153792985
535,597,0.7980868844676221
523,594,0.5643326479831003
201,598,2.2923300526023067
730,595,1.8286467796121775
288,596,2.7933040956366773
160,594,1.1286652959662007
561,592,0.6911635163761372
739,592,0.6911635163761372
153,591,0.39904344223381105
328,602,6.078048630871233
244,591,1.6452982615400624
759,592,4.738378340673427
1059,588,3.3147037796003453
432,583,1.4387715921116582
927,581,0.39904344223381105
479,581,0.39904344223381105
680,580,0.39904344223381105
712,581,2.2573305919324014
684,580,1.3823270327522743
139,579,0.39904344223381105
730,577,1.3234773729414107
142,576,0.6911635163761372
199,576,1.3823270327522743
935,575,3.4327014857755778
148,572,0.39904344223381105
817,572,0.892288262810312
958,571,0.7980868844676221
744,567,0.5643326479831003
726,567,0.5643326479831003
699,572,5.278848552309165
681,568,3.5242562570853293
1045,570,7.39038797323283
116,569,5.32390355327611
840,561,0.39904344223381105
183,562,2.18565094735968
629,558,0.7980868844676221
587,566,4.166135847291729
108,556,0.39904344223381105
1190,555,0.39904344223381105
605,556,0.5643326479831003
224,571,6.641406496727713
851,558,0.7980868844676221
769,553,1.692997943949301
919,553,0.5643326479831003
773,551,0.6911635163761372
413,551,1.8286467796121775
145,557,7.39038797323283
637,555,4.704652799281094
557,549,0.39904344223381105
137,548,0.7980868844676221
189,546,0.39904344223381105
141,545,0.7980868844676221
95,552,3.5015919946240577
601,545,2.6469547458828213
193,553,6.1561423937376984
548,543,2.7064443028318927
540,541,1.739390038779793
386,541,0.6911635163761372
179,549,5.6150389509229734
162,538,0.39904344223381105
97,539,1.3234773729414107
135,538,2.2573305919324014
110,534,3.0651108395290905
161,531,0.7980868844676221
463,530,0.39904344223381105
1174,530,1.8716796503076578
1148,532,6.1819544247393265
395,530,1.6452982615400624
125,531,3.764568304904693
910,527,0.6911635163761372
712,528,1.2618861628126719
637,528,1.739390038779793
115,527,0.39904344223381105
759,526,0.39904344223381105
448,534,3.9904344223381107
372,524,0.39904344223381105
1096,522,0.5643326479831003
1473,521,0.39904344223381105
615,519,0.39904344223381105
1182,518,1.0557697104618329
1230,516,0.6911635163761372
779,514,0.39904344223381105
6,516,3.290596523080125
1098,515,2.7646540655045486
273,512,0.39904344223381105
227,514,1.2618861628126719
1327,511,0.5643326479831003
276,511,0.5643326479831003
370,507,1.4387715921116582
1048,502,1.1286652959662007
771,501,0.7980868844676221
272,500,1.784576525620624
1474,498,1.4930838432778397
276,496,0.6911635163761372
1260,495,0.7980868844676221
1533,494,0.39904344223381105
290,504,5.4128886056637855
1527,496,2.7646540655045486
368,497,2.9323584560298355
297,493,0.39904344223381105
389,504,8.303556140954745
301,491,0.39904344223381105
1369,491,0.6911635163761372
512,489,0.39904344223381105
277,491,1.2618861628126719
1219,489,1.0557697104618329
305,489,0.7980868844676221
1424,490,4.7551514137988145
1187,486,0.5643326479831003
378,489,2.427286498381048
513,485,0.6911635163761372
418,482,1.0557697104618329
1353,490,6.025423842691602
769,480,0.39904344223381105
408,488,6.012195673403072
1167,477,0.39904344223381105
442,477,1.2618861628126719
1061,476,1.0557697104618329
306,478,2.1115394209236658
337,474,0.7980868844676221
634,474,0.7980868844676221
565,475,1.692997943949301
509,476,3.84823559536734
1380,472,0.39904344223381105
185,474,1.3823270327522743
143,474,0.9774528186766119
655,472,0.5643326479831003
365,474,3.722029444364106
1370,472,3.1166289153792985
1228,472,2.360772841177929
114,469,0.892288262810312
431,469,1.4930838432778397
132,473,4.241889976560968
1316,467,0.5643326479831003
1260,470,5.4275776112474565
157,468,0.892288262810312
1093,466,0.5643326479831003
2,466,1.739390038779793
1067,467,2.7646540655045486
574,470,2.849740182592135
150,464,0.5643326479831003
7,464,0.5643326479831003
1282,463,0.39904344223381105
578,462,0.5643326479831003
531,462,0.39904344223381105
1128,461,1.0557697104618329
118,471,4.4614413140515605
1226,459,0.5643326479831003
355,459,0.39904344223381105
1285,459,1.2618861628126719
1367,458,1.0557697104618329
1171,459,2.2573305919324014
1049,463,4.496991209276012
582,458,0.39904344223381105
151,457,0.7980868844676221
338,454,1.5961737689352442
1367,452,1.2618861628126719
1221,454,3.806631826151908
601,454,4.353050032561912
559,458,2.8775431842233163
142,455,1.9549056373532239
137,452,1.3823270327522743
115,452,2.034730298721438
375,453,4.2230788418473315
1144,446,0.5643326479831003
587,454,8.370405860381917
549,448,2.3942606534028665
1307,449,4.854572996762096
104,446,2.2923300526023067
131,441,1.5454886061848316
1225,440,0.39904344223381105
263,442,1.9137451194361292
1152,438,0.39904344223381105
1085,438,1.0557697104618329
470,440,1.1971303267014333
363,441,2.360772841177929
793,438,0.9774528186766119
112,436,0.39904344223381105
332,435,0.7980868844676221
1339,453,9.839475932396187
720,433,0.39904344223381105
1124,434,2.7933040956366773
352,434,2.959385372579835
258,433,2.221779856890434
337,429,0.5643326479831003
107,431,1.5454886061848316
334,427,0.39904344223381105
788,428,2.14891470163533
403,427,0.5643326479831003
10,427,1.0557697104618329
1359,432,5.837502301585765
473,425,1.2618861628126719
366,425,1.1971303267014333
156,421,0.5643326479831003
162,420,0.5643326479831003
159,420,0.7980868844676221
4,421,3.0909772123696633
1222,419,1.2618861628126719
1039,418,0.39904344223381105
795,417,0.5643326479831003
306,417,0.9774528186766119
498,415,2.14891470163533
343,412,1.3823270327522743
12,412,0.6911635163761372
391,415,3.7005766464057417
6,411,0.7980868844676221
498,407,0.39904344223381105
447,408,0.6911635163761372
849,405,0.6911635163761372
221,405,0.39904344223381105
1223,404,0.7980868844676221
846,403,0.5643326479831003
830,403,0.7980868844676221
845,400,0.6911635163761372
200,400,0.7980868844676221
184,397,0.39904344223381105
469,397,0.39904344223381105
206,395,1.0557697104618329
430,395,1.5961737689352442
180,396,1.6452982615400624
1034,391,0.39904344223381105
425,393,0.892288262810312
224,394,3.1420712062218055
682,392,2.8775431842233163
371,400,6.8654029715511555
695,394,4.532262268876918
708,388,0.9774528186766119
1244,386,0.39904344223381105
1305,383,0.39904344223381105
694,383,0.5643326479831003
128,386,2.6768647884309362
671,390,3.5015919946240577
572,382,0.5643326479831003
575,381,0.39904344223381105
723,381,1.9549056373532239
589,379,0.39904344223381105
1054,378,0.39904344223381105
592,378,0.7980868844676221
247,378,1.2618861628126719
1277,373,0.39904344223381105
658,374,1.1286652959662007
30,377,5.5866081912733545
511,370,0.39904344223381105
384,370,1.1286652959662007
220,369,0.5643326479831003
757,370,1.2618861628126719
224,368,0.39904344223381105
388,368,0.39904344223381105
215,368,2.0734905491284112
1527,364,0.5643326479831003
1164,361,0.5643326479831003
1200,359,0.39904344223381105
723,359,1.0557697104618329
637,360,1.4387715921116582
42,359,1.6452982615400624
8,357,1.4387715921116582
730,356,1.1286652959662007
672,364,7.8196225494128955
1159,356,1.1971303267014333
715,356,2.2573305919324014
33,354,0.39904344223381105
1209,352,1.3823270327522743
493,350,0.7980868844676221
286,350,0.5643326479831003
446,350,2.034730298721438
509,348,1.784576525620624
489,347,0.9774528186766119
1270,346,1.5961737689352442
1203,344,0.39904344223381105
485,344,0.5643326479831003
747,348,2.0734905491284112
886,346,2.360772841177929
876,341,1.0557697104618329
1563,340,0.6911635163761372
1257,341,1.9952172111690554
701,339,1.4930838432778397
1343,341,2.2573305919324014
763,340,4.01033696187374
676,342,3.2418442498256126
1257,336,0.39904344223381105
1565,335,0.7980868844676221
1513,339,4.738378340673427
1173,335,1.3234773729414107
1271,333,1.1286652959662007
1257,332,1.4387715921116582
1192,331,1.1286652959662007
1147,332,1.4387715921116582
1472,336,6.5690841250541325
1312,332,3.1923475378704884
1228,329,0.892288262810312
1152,328,0.892288262810312
0,331,0.5643326479831003
694,327,0.9774528186766119
8,324,0.6911635163761372
1475,324,0.9774528186766119
1121,323,0.39904344223381105
1124,322,0.7980868844676221
1421,323,1.3234773729414107
1180,326,2.905080110058907
762,323,0.9774528186766119
357,324,2.7933040956366773
307,321,0.39904344223381105
1526,325,2.8216632399155017
1247,320,0.5643326479831003
1137,320,0.39904344223381105
698,321,0.39904344223381105
15,320,0.39904344223381105
1037,321,1.3823270327522743
537,323,2.14891470163533
1483,318,1.4387715921116582
467,320,5.248597022122859
1309,315,0.9774528186766119
1153,318,4.030141215461377
1561,315,2.18565094735968
1515,316,1.692997943949301
1235,313,1.2618861628126719
901,315,2.7933040956366773
559,314,0.5643326479831003
1413,311,0.39904344223381105
1058,315,2.905080110058907
445,311,0.39904344223381105
1264,314,2.6167028409740727
1236,309,0.39904344223381105
304,311,2.2573305919324014
1305,308,0.5643326479831003
1331,307,0.5643326479831003
345,307,0.39904344223381105
290,308,3.338636969675892
1043,310,3.6134920562752493
410,308,3.266311345986049
1314,307,2.1115394209236658
278,304,2.5237723256253437
532,302,1.3823270327522743
1312,300,0.7980868844676221
1284,301,0.39904344223381105
919,306,4.01033696187374
1456,301,2.0734905491284112
1277,299,0.5643326479831003
436,298,0.5643326479831003
1415,305,3.0390243154356167
1251,298,1.0557697104618329
977,298,1.0557697104618329
326,299,2.6768647884309362
1290,298,3.4327014857755778
1199,297,1.5454886061848316
944,301,4.584660105204613
274,295,0.892288262810312
1478,295,0.892288262810312
965,294,1.784576525620624
439,297,1.9549056373532239
1166,293,0.6911635163761372
463,293,0.39904344223381105
738,291,0.5643326479831003
1483,291,0.7980868844676221
1004,291,0.5643326479831003
840,292,3.167309131385499
656,291,0.6911635163761372
1066,293,4.01033696187374
591,305,8.905018981300648
1501,287,0.39904344223381105
850,288,0.6911635163761372
545,293,5.293909491765643
1009,285,0.39904344223381105
957,289,1.3234773729414107
433,285,0.39904344223381105
1501,284,0.39904344223381105
1414,283,0.39904344223381105
1246,287,4.496991209276012
1114,284,0.6911635163761372
651,283,0.5643326479831003
1163,281,0.7980868844676221
909,282,1.5961737689352442
263,284,3.1923475378704884
609,297,9.143233898060886
1176,279,1.1971303267014333
540,276,1.1286652959662007
477,276,1.0557697104618329
1499,275,1.2618861628126719
1470,275,0.5643326479831003
1447,273,0.5643326479831003
1419,273,1.0557697104618329
997,274,0.5643326479831003
970,276,2.5237723256253437
957,276,0.39904344223381105
988,272,1.0557697104618329
1179,271,1.3823270327522743
678,274,0.6911635163761372
1008,271,0.7980868844676221
806,272,2.14891470163533
1123,270,2.8216632399155017
520,274,2.360772841177929
1297,281,10.134446525066219
1212,271,4.788521306805733
287,268,1.3823270327522743
281,264,0.892288262810312
1451,264,0.9774528186766119
1257,268,5.5004342619527495
552,263,0.39904344223381105
292,264,2.18565094735968
1016,261,0.892288262810312
618,263,3.167309131385499
517,264,0.6911635163761372
522,257,0.5643326479831003
297,256,0.6911635163761372
1423,260,3.1166289153792985
1415,255,0.9774528186766119
837,255,1.8286467796121775
1075,253,1.1286652959662007
508,253,1.4387715921116582
677,250,0.7980868844676221
886,250,0.9774528186766119
597,248,0.39904344223381105
593,249,0.7980868844676221
1195,250,3.1420712062218055
958,247,0.6911635163761372
548,247,0.39904344223381105
301,248,0.6911635163761372
1220,250,4.771865530056633
997,245,0.7980868844676221
603,244,0.39904344223381105
580,249,3.764568304904693
554,249,2.3942606534028665
1165,256,4.407578881013554
834,245,2.9323584560298355
567,246,2.959385372579835
125,249,4.030141215461377
1177,244,1.4930838432778397
1101,241,0.39904344223381105
197,246,3.338636969675892
1575,243,2.5551247367559506
1399,240,0.9774528186766119
675,242,1.8716796503076578
658,248,5.727350851021844
927,248,6.1561423937376984
574,240,1.3234773729414107
1402,238,0.39904344223381105
187,246,4.601993475554326
1480,245,7.476076494072471
1192,237,1.8716796503076578
467,236,1.5454886061848316
1399,232,0.39904344223381105
920,232,0.39904344223381105
463,233,0.6911635163761372
1290,231,0.6911635163761372
1171,236,1.739390038779793
517,235,0.39904344223381105
1405,232,1.1971303267014333
1007,234,4.030141215461377
961,229,0.5643326479831003
1440,231,3.385995887898602
539,227,0.6911635163761372
503,227,0.39904344223381105
1278,226,0.39904344223381105
1166,227,0.5643326479831003
204,229,4.29782940327066
1434,225,0.39904344223381105
731,225,0.39904344223381105
388,226,0.7980868844676221
992,226,3.657293559224355
410,225,2.18565094735968
718,230,3.167309131385499
697,222,0.5643326479831003
669,223,0.5643326479831003
1430,221,0.7980868844676221
1180,224,4.241889976560968
520,222,2.6167028409740727
134,220,0.39904344223381105
1259,219,0.5643326479831003
919,221,0.6911635163761372
635,219,0.39904344223381105
569,222,3.0390243154356167
506,229,3.8274902388722585
1266,220,2.492025498024157
395,223,4.968050791046764
714,214,0.9774528186766119
509,212,0.39904344223381105
1254,211,0.5643326479831003
885,211,0.39904344223381105
36,212,0.892288262810312
1321,211,0.7980868844676221
1317,212,1.2618861628126719
642,217,5.202889936782011
1297,213,3.1923475378704884
547,214,3.0390243154356167
421,212,1.739390038779793
1185,211,2.427286498381048
750,213,3.5242562570853293
562,210,1.8286467796121775
845,207,0.39904344223381105
725,211,1.8286467796121775
658,207,0.5643326479831003
1300,206,0.39904344223381105
1297,206,0.39904344223381105
621,206,0.9774528186766119
494,207,1.784576525620624
914,208,2.8775431842233163
906,207,1.0557697104618329
850,205,1.3234773729414107
45,205,0.7980868844676221
1215,205,0.892288262810312
131,212,4.185202930190958
1279,207,2.034730298721438
1012,206,3.1923475378704884
543,203,0.892288262810312
1366,207,3.9904344223381107
1283,204,1.1971303267014333
1152,210,7.171688854036285
577,202,0.39904344223381105
165,202,0.39904344223381105
136,203,1.3234773729414107
761,201,0.5643326479831003
703,205,3.266311345986049
537,201,0.7980868844676221
1270,202,3.5913909801042996
904,199,1.1286652959662007
582,200,1.9549056373532239
88,199,1.3823270327522743
1014,199,1.2618861628126719
452,200,3.167309131385499
391,198,1.8286467796121775
1257,198,0.9774528186766119
1226,196,0.39904344223381105
760,196,0.6911635163761372
439,198,3.012711921345801
1131,198,3.6354587756642407
1032,202,5.851125429334849
946,194,1.1971303267014333
1031,192,0.39904344223381105
310,192,0.892288262810312
1281,192,0.5643326479831003
932,193,3.2418442498256126
641,194,1.9549056373532239
768,197,5.0
1401,190,1.0557697104618329
1295,197,5.810160220117814
1268,190,0.5643326479831003
548,189,2.7064443028318927
33,190,2.6469547458828213
720,191,3.5913909801042996
630,189,0.7980868844676221
433,189,3.290596523080125
314,186,0.39904344223381105
216,197,6.748436950426769
1246,187,0.9774528186766119
805,185,0.39904344223381105
1421,187,1.4930838432778397
1235,198,6.876990157806921
1076,185,0.6911635163761372
1348,189,6.934635677129859
607,194,7.237992472491743
444,187,3.0390243154356167
931,184,1.5961737689352442
923,186,3.657293559224355
1188,181,0.7980868844676221
447,180,0.5643326479831003
1296,183,2.959385372579835
1023,181,2.492025498024157
609,178,0.5643326479831003
372,182,4.1084036914256306
1240,178,1.8716796503076578
386,177,0.7980868844676221
1406,183,6.760224622205623
84,185,6.665339570671302
1279,175,1.9952172111690554
1256,175,1.6452982615400624
1225,179,3.167309131385499
781,174,1.5961737689352442
315,175,2.459868983099047
362,172,0.39904344223381105
162,189,9.733715782266108
926,174,3.0390243154356167
170,172,0.39904344223381105
1292,169,0.9774528186766119
636,170,0.9774528186766119
1188,170,2.8216632399155017
694,170,0.6911635163761372
999,170,3.6134920562752493
712,173,4.353050032561912
388,167,0.7980868844676221
41,166,0.7980868844676221
1423,168,0.9774528186766119
1367,164,0.5643326479831003
1324,165,1.0557697104618329
378,172,4.1084036914256306
1442,163,0.6911635163761372
1420,163,0.39904344223381105
1261,163,0.5643326479831003
459,167,3.9301221193000435
219,163,0.6911635163761372
1335,166,1.8286467796121775
1180,165,1.4930838432778397
134,164,1.692997943949301
617,165,0.6911635163761372
606,162,1.5961737689352442
435,163,2.6167028409740727
592,163,2.0734905491284112
1428,160,0.5643326479831003
929,159,0.7980868844676221
718,160,0.9774528186766119
940,161,2.3942606534028665
699,158,0.6911635163761372
640,158,0.5643326479831003
389,161,4.01033696187374
1289,159,2.7064443028318927
1214,157,0.9774528186766119
634,156,0.39904344223381105
166,156,0.5643326479831003
1407,156,1.1286652959662007
1195,160,3.266311345986049
660,158,2.034730298721438
420,156,1.1971303267014333
1457,162,5.4128886056637855
902,159,4.88726409338306
452,153,1.5961737689352442
166,152,1.784576525620624
720,150,0.6911635163761372
1230,148,0.892288262810312
900,147,0.5643326479831003
174,153,2.034730298721438
123,149,2.1115394209236658
39,156,7.270917551328481
1330,144,0.39904344223381105
1282,145,1.3823270327522743
941,151,7.014543581449256
921,145,2.905080110058907
86,158,9.601950438806657
348,142,0.5643326479831003
1458,142,0.6911635163761372
959,143,0.39904344223381105
408,144,3.409428664990082
1444,148,5.063293658791601
1416,140,0.6911635163761372
1334,140,0.5643326479831003
1314,143,2.5551247367559506
389,144,4.67068374268734
40,141,0.892288262810312
1231,140,1.6452982615400624
958,138,0.39904344223381105
872,146,5.90530367254455
1429,136,1.2618861628126719
1225,138,1.3823270327522743
922,136,1.1286652959662007
1421,137,2.6167028409740727
150,140,4.854572996762096
91,134,0.5643326479831003
982,139,3.868869714301845
923,133,0.39904344223381105
914,133,0.5643326479831003
1455,135,1.3234773729414107
1251,133,3.385995887898602
1271,134,4.204183539721927
1103,130,0.5643326479831003
57,128,0.39904344223381105
631,128,1.0557697104618329
108,136,6.818857329980164
52,127,1.1971303267014333
647,127,1.5454886061848316
951,127,2.7064443028318927
48,125,1.3234773729414107
1301,123,1.5961737689352442
1283,123,1.6452982615400624
848,126,4.7551514137988145
17,131,7.880476560971771
1209,123,3.0390243154356167
234,121,0.6911635163761372
860,124,4.241889976560968
1069,125,4.29782940327066
995,119,4.030141215461377
916,117,0.7980868844676221
683,122,5.0
360,126,8.089861548420433
221,116,0.6911635163761372
1329,125,6.012195673403072
878,116,1.9549056373532239
281,114,0.39904344223381105
1314,114,1.739390038779793
206,113,0.39904344223381105
832,113,0.5643326479831003
243,113,0.9774528186766119
789,111,0.5643326479831003
481,111,0.39904344223381105
203,110,0.5643326479831003
916,110,1.6452982615400624
532,110,2.034730298721438
470,109,0.5643326479831003
701,109,1.9549056373532239
696,110,0.9774528186766119
647,107,0.39904344223381105
87,110,1.9952172111690554
1083,110,4.738378340673427
606,108,1.6452982615400624
28,112,5.558032002896613
76,113,6.397153029198293
12,109,3.7856584884380156
1326,106,1.9549056373532239
520,108,4.353050032561912
928,106,2.959385372579835
784,109,4.37130189471936
601,105,1.8716796503076578
201,107,1.2618861628126719
214,106,3.9904344223381107
943,108,5.218170116339379
501,101,0.39904344223381105
166,104,4.653606231237664
1313,102,2.0734905491284112
822,104,3.478780077559586
538,103,4.407578881013554
1216,104,5.47140802102019
491,101,2.221779856890434
403,99,3.266311345986049
459,100,5.031746350679813
280,98,3.1923475378704884
186,95,1.1971303267014333
1263,96,3.409428664990082
947,95,2.14891470163533
561,96,4.443559713780868
490,91,0.39904344223381105
199,93,4.4614413140515605
367,89,1.2618861628126719
542,88,0.892288262810312
175,93,3.868869714301845
103,91,3.3147037796003453
699,87,1.1286652959662007
687,92,5.293909491765643
952,86,0.5643326479831003
558,86,0.9774528186766119
807,89,4.29782940327066
543,85,0.39904344223381105
172,84,0.39904344223381105
1327,83,0.7980868844676221
897,83,0.9774528186766119
168,83,0.39904344223381105
1114,83,1.6452982615400624
473,85,3.5242562570853293
873,80,0.39904344223381105
414,80,0.6911635163761372
1478,79,0.5643326479831003
919,87,4.407578881013554
410,79,1.9549056373532239
18,85,6.038623034505982
631,75,0.9774528186766119
493,80,5.110249473511901
707,74,0.7980868844676221
193,76,0.7980868844676221
141,77,1.3234773729414107
515,73,0.5643326479831003
956,76,2.2573305919324014
510,74,1.9549056373532239
402,73,1.0557697104618329
539,72,0.39904344223381105
1327,74,5.543688670590469
569,76,8.207112031530285
215,70,0.7980868844676221
141,69,0.39904344223381105
639,70,2.7933040956366773
145,72,2.2923300526023067
341,72,6.025423842691602
1136,68,2.849740182592135
220,68,1.784576525620624
152,75,4.069460597442876
46,73,6.605344294463964
132,68,3.5015919946240577
824,63,0.5643326479831003
116,75,8.417830635708048
685,62,0.39904344223381105
177,74,5.514890093089209
680,66,2.2573305919324014
247,66,2.9323584560298355
1353,60,0.39904344223381105
484,62,1.6452982615400624
1348,59,0.39904344223381105
1321,61,2.427286498381048
927,63,4.407578881013554
704,64,5.878276969264764
80,65,4.37130189471936
575,61,4.532262268876918
182,58,1.0557697104618329
920,56,0.5643326479831003
392,61,4.353050032561912
914,57,2.5551247367559506
662,57,2.034730298721438
618,54,0.6911635163761372
1477,54,1.4387715921116582
1424,53,1.0557697104618329
583,56,1.2618861628126719
21,60,6.078048630871233
154,52,0.5643326479831003
197,59,5.218170116339379
34,51,0.892288262810312
190,50,1.6452982615400624
169,49,0.39904344223381105
669,49,0.6911635163761372
492,52,2.326803115618832
104,55,4.549795263819588
545,50,3.7005766464057417
121,45,0.39904344223381105
328,45,1.4387715921116582
225,47,4.166135847291729
1455,51,10.095089302501375
131,51,6.064935242065315
1425,45,3.0390243154356167
1240,44,0.39904344223381105
1245,45,2.14891470163533
206,45,4.443559713780868
85,44,2.3942606534028665
1226,41,0.9774528186766119
475,42,2.5860970765174254
608,44,3.569153051241248
553,42,2.459868983099047
514,39,0.5643326479831003
1214,39,1.0557697104618329
614,38,1.1971303267014333
518,40,1.5961737689352442
195,40,3.4327014857755778
501,37,1.1286652959662007
240,48,5.4275776112474565
145,36,0.892288262810312
273,32,0.7980868844676221
563,33,1.8286467796121775
389,32,3.409428664990082
171,42,8.207112031530285
1346,29,0.9774528186766119
279,32,3.4327014857755778
73,29,0.892288262810312
180,27,0.7980868844676221
151,26,0.9774528186766119
495,26,2.959385372579835
91,28,5.047544651250687
1348,24,1.3234773729414107
241,23,1.6452982615400624
184,22,2.1115394209236658
144,24,1.8286467796121775
124,23,2.7646540655045486
819,23,1.739390038779793
58,27,6.991805941133617
1375,17,2.9323584560298355
175,15,1.1971303267014333
170,14,0.7980868844676221
130,13,0.9774528186766119
162,14,1.739390038779793
116,11,0.6911635163761372
181,14,2.2573305919324014
148,14,4.821660257972569
203,12,2.3942606534028665
101,13,2.221779856890434
109,9,0.5643326479831003
104,5,1.0557697104618329
1229,3,1.1971303267014333
117,2,0.39904344223381105
127,2,3.657293559224355
107,1,1.9137451194361292
64,0,0.39904344223381105